{
  "schemaVersion": 1,
  "id": "fabric-api-base-testmod",
  "name": "Fabric API Base Test Mod",
  "version": "1.0.0",
  "environment": "*",
  "license": "Apache-2.0",
  "entrypoints": {
    "main": [
      "net.fabricmc.fabric.test.base.FabricApiBaseTestInit"
    ],
    "client": [
      "net.fabricmc.fabric.test.base.client.FabricApiAutoTestClient"
    ],
    "server": [
      "net.fabricmc.fabric.test.base.FabricApiAutoTestServer"
    ],
    "fabric-gametest" : [
      "net.fabricmc.fabric.test.base.FabricApiBaseGameTest"
    ]
  },
  "mixins": [
    {
      "config": "fabric-api-base-testmod.client.mixins.json",
      "environment": "client"
    }
  ]
}
