{
  "schemaVersion": 1,
  "id": "fabric-data-generation-api-v1",
  "name": "Fabric Data Generation API (v1)",
  "version": "${version}",
  "environment": "*",
  "license": "Apache-2.0",
  "icon": "assets/fabric-data-generation-api-v1/icon.png",
  "contact": {
    "homepage": "https://fabricmc.net",
    "irc": "irc://irc.esper.net:6667/fabric",
    "issues": "https://github.com/FabricMC/fabric/issues",
    "sources": "https://github.com/FabricMC/fabric"
  },
  "authors": [
    "FabricMC"
  ],
  "depends": {
    "fabricloader": ">=0.14.10"
  },
  "description": "Allows for automatic data generation.",
  "mixins": [
    "fabric-data-generation-api-v1.mixins.json",
    {
      "config": "fabric-data-generation-api-v1.client.mixins.json",
      "environment": "client"
    }
  ],
  "accessWidener" : "fabric-data-generation-api-v1.accesswidener",
  "custom": {
    "fabric-api:module-lifecycle": "stable",
    "loom:injected_interfaces": {
      "net/minecraft/class_7788": ["net/fabricmc/fabric/api/datagen/v1/loot/FabricBlockLootTableGenerator"]
    }
  }
}
