{
    "scenario": "[Sourcemap]/[Maproot-AbsolutePath]: outputdir_multifolder: specify outputDirectory",
    "projectRoot": "tests/cases/projects/outputdir_multifolder",
    "inputFiles": [
        "test.ts"
    ],
    "outDir": "outdir/simple",
    "sourceMap": true,
    "declaration": true,
    "baselineCheck": true,
    "mapRoot": "tests/cases/projects/outputdir_multifolder/mapFiles",
    "resolveMapRoot": true,
    "resolvedInputFiles": [
        "lib.es5.d.ts",
        "ref/m1.ts",
        "../outputdir_multifolder_ref/m2.ts",
        "test.ts"
    ],
    "emittedFiles": [
        "outdir/simple/outputdir_multifolder/ref/m1.js.map",
        "outdir/simple/outputdir_multifolder/ref/m1.js",
        "outdir/simple/outputdir_multifolder/ref/m1.d.ts",
        "outdir/simple/outputdir_multifolder_ref/m2.js.map",
        "outdir/simple/outputdir_multifolder_ref/m2.js",
        "outdir/simple/outputdir_multifolder_ref/m2.d.ts",
        "outdir/simple/outputdir_multifolder/test.js.map",
        "outdir/simple/outputdir_multifolder/test.js",
        "outdir/simple/outputdir_multifolder/test.d.ts"
    ]
}