{
  "schemaVersion": 1,
  "id": "fabric-containers-v0",
  "name": "Fabric Containers (v0)",
  "version": "${version}",
  "environment": "*",
  "license": "Apache-2.0",
  "icon": "assets/fabric-containers-v0/icon.png",
  "contact": {
    "homepage": "https://fabricmc.net",
    "irc": "irc://irc.esper.net:6667/fabric",
    "issues": "https://github.com/FabricMC/fabric/issues",
    "sources": "https://github.com/FabricMC/fabric"
  },
  "authors": [
    "FabricMC"
  ],
  "depends": {
    "fabricloader": ">=0.4.0",
    "fabric-api-base": "*",
    "fabric-networking-api-v1": "*"
  },
  "description": "Adds hooks for containers.",
  "mixins": [
    "fabric-containers-v0.mixins.json",
    "fabric-containers-v0.accurate.mixins.json"
  ],
  "entrypoints": {
    "client": [
      "net.fabricmc.fabric.impl.client.container.ScreenProviderRegistryImpl::init"
    ]
  },
  "custom": {
    "fabric-api:module-lifecycle": "deprecated"
  }
}
