{
  "schemaVersion": 1,
  "id": "fabric-command-api-v1",
  "name": "Fabric Command API (v1)",
  "version": "${version}",
  "environment": "*",
  "license": "Apache-2.0",
  "icon": "assets/fabric-command-api-v1/icon.png",
  "contact": {
    "homepage": "https://fabricmc.net",
    "irc": "irc://irc.esper.net:6667/fabric",
    "issues": "https://github.com/FabricMC/fabric/issues",
    "sources": "https://github.com/FabricMC/fabric"
  },
  "authors": [
    "FabricMC"
  ],
  "depends": {
    "fabricloader": ">=0.10.5",
    "fabric-api-base": "*",
    "fabric-command-api-v2": "*"
  },
  "description": "Deprecated. Please migrate to v2",
  "entrypoints": {
    "main": [
      "net.fabricmc.fabric.impl.command.v1.LegacyHandler"
    ]
  },
  "custom": {
    "fabric-api:module-lifecycle": "deprecated"
  }
}
