{
  "schemaVersion": 1,
  "id": "fabric-rendering-data-attachment-v1",
  "name": "Fabric Rendering Data Attachment (v1)",
  "version": "${version}",
  "environment": "*",
  "license": "Apache-2.0",
  "icon": "assets/fabric-rendering-data-attachment-v1/icon.png",
  "contact": {
    "homepage": "https://fabricmc.net",
    "irc": "irc://irc.esper.net:6667/fabric",
    "issues": "https://github.com/FabricMC/fabric/issues",
    "sources": "https://github.com/FabricMC/fabric"
  },
  "authors": [
    "FabricMC"
  ],
  "depends": {
    "fabricloader": ">=0.4.0",
    "fabric-block-view-api-v2": "*"
  },
  "description": "Thread-safe hooks for block entity data use during terrain rendering.",
  "mixins": [
    "fabric-rendering-data-attachment-v1.mixins.json",
    {
      "config": "fabric-rendering-data-attachment-v1.client.mixins.json",
      "environment": "client"
    }
  ],
  "custom": {
    "fabric-api:module-lifecycle": "deprecated"
  }
}
