{
    "scenario": "[Sourcemap]/[Maproot-AbsolutePath]: outputdir_module_simple: no outdir",
    "projectRoot": "tests/cases/projects/outputdir_module_simple",
    "inputFiles": [
        "test.ts"
    ],
    "out": "bin/test.js",
    "sourceMap": true,
    "declaration": true,
    "baselineCheck": true,
    "mapRoot": "tests/cases/projects/outputdir_module_simple/mapFiles",
    "resolveMapRoot": true,
    "resolvedInputFiles": [
        "lib.es5.d.ts",
        "m1.ts",
        "test.ts"
    ],
    "emittedFiles": [
        "bin/test.js.map",
        "bin/test.js",
        "bin/test.d.ts"
    ]
}