{
    "scenario": "[Sourcemap]/[Maproot-AbsolutePath]: outputdir_module_subfolder: no outdir",
    "projectRoot": "tests/cases/projects/outputdir_module_subfolder",
    "inputFiles": [
        "test.ts"
    ],
    "out": "bin/test.js",
    "sourceMap": true,
    "declaration": true,
    "baselineCheck": true,
    "mapRoot": "tests/cases/projects/outputdir_module_subfolder/mapFiles",
    "resolveMapRoot": true,
    "resolvedInputFiles": [
        "lib.es5.d.ts",
        "ref/m1.ts",
        "test.ts"
    ],
    "emittedFiles": []
}